frame,point,x,y,z,label
0,0,0.2846626937389374,0.7902976274490356,5.46543788004783e-08,‚Ì
0,1,0.3321128785610199,0.758353590965271,-0.025130579248070717,‚Ì
0,2,0.3627112805843353,0.7070292830467224,-0.04563944414258003,‚Ì
0,3,0.37056753039360046,0.654792308807373,-0.06697636097669601,‚Ì
0,4,0.36613279581069946,0.6041940450668335,-0.08696528524160385,‚Ì
0,5,0.3431834876537323,0.5850615501403809,-0.03019520826637745,‚Ì
0,6,0.3581061363220215,0.504776656627655,-0.05958161875605583,‚Ì
0,7,0.3648352324962616,0.44823771715164185,-0.07494882494211197,‚Ì
0,8,0.36548474431037903,0.4020770192146301,-0.08457739651203156,‚Ì
0,9,0.3003937900066376,0.5836381912231445,-0.03418143466114998,‚Ì
0,10,0.3324103355407715,0.5745251774787903,-0.07722116261720657,‚Ì
0,11,0.33549678325653076,0.650056004524231,-0.0835760235786438,‚Ì
0,12,0.3257905840873718,0.6770486831665039,-0.07802996039390564,‚Ì
0,13,0.2636912167072296,0.5998235940933228,-0.04113326594233513,‚Ì
0,14,0.2989349663257599,0.6113651990890503,-0.08411522209644318,‚Ì
0,15,0.30310240387916565,0.6769707798957825,-0.07352378964424133,‚Ì
0,16,0.29323866963386536,0.6940187215805054,-0.055768705904483795,‚Ì
0,17,0.2296360731124878,0.6273173093795776,-0.050261158496141434,‚Ì
0,18,0.26324906945228577,0.6346471309661865,-0.07787591218948364,‚Ì
0,19,0.2742738425731659,0.6806066632270813,-0.06813178956508636,‚Ì
0,20,0.26763835549354553,0.6931756138801575,-0.05357338488101959,‚Ì
1,0,0.2831578552722931,0.7902019023895264,5.911875078368212e-08,‚Ì
1,1,0.33136576414108276,0.7577813863754272,-0.025424588471651077,‚Ì
1,2,0.36206352710723877,0.7064821124076843,-0.04622301831841469,‚Ì
1,3,0.36952218413352966,0.6539762616157532,-0.06777319312095642,‚Ì
1,4,0.365670382976532,0.6030661463737488,-0.08789698034524918,‚Ì
1,5,0.34170272946357727,0.5842012763023376,-0.030802495777606964,‚Ì
1,6,0.3569943308830261,0.5039127469062805,-0.06048699840903282,‚Ì
1,7,0.36356881260871887,0.4472169578075409,-0.07594607770442963,‚Ì
1,8,0.36429235339164734,0.4008910059928894,-0.08573810756206512,‚Ì
1,9,0.29888784885406494,0.5825093388557434,-0.03477327898144722,‚Ì
1,10,0.3316551148891449,0.5739036202430725,-0.07779653370380402,‚Ì
1,11,0.33443814516067505,0.6489869356155396,-0.08411895483732224,‚Ì
1,12,0.3246469497680664,0.6749827861785889,-0.07864466309547424,‚Ì
1,13,0.26223665475845337,0.5988033413887024,-0.041751064360141754,‚Ì
1,14,0.2979469299316406,0.6110061407089233,-0.0848899856209755,‚Ì
1,15,0.30179765820503235,0.6764841079711914,-0.07428836822509766,‚Ì
1,16,0.2917676270008087,0.6921799182891846,-0.05663187429308891,‚Ì
1,17,0.2283564805984497,0.6262780427932739,-0.05092627555131912,‚Ì
1,18,0.2623036801815033,0.6344059109687805,-0.07883742451667786,‚Ì
1,19,0.27300330996513367,0.6807259321212769,-0.06923814862966537,‚Ì
1,20,0.2664279639720917,0.6923102736473083,-0.05478140711784363,‚Ì
2,0,0.2828317880630493,0.7886255383491516,4.9546148517265465e-08,‚Ì
2,1,0.33061274886131287,0.7566728591918945,-0.025010064244270325,‚Ì
2,2,0.36162370443344116,0.7052556276321411,-0.0457293763756752,‚Ì
2,3,0.3693603277206421,0.6523133516311646,-0.06726044416427612,‚Ì
2,4,0.36395207047462463,0.601700484752655,-0.08743858337402344,‚Ì
2,5,0.3414028286933899,0.5828565359115601,-0.030885690823197365,‚Ì
2,6,0.35620588064193726,0.5024325251579285,-0.06049574539065361,‚Ì
2,7,0.3625003695487976,0.4459525942802429,-0.07580330222845078,‚Ì
2,8,0.363197922706604,0.3996650278568268,-0.08542850613594055,‚Ì
2,9,0.2984718084335327,0.5811830163002014,-0.03506047651171684,‚Ì
2,10,0.3312159776687622,0.5723540186882019,-0.07781338691711426,‚Ì
2,11,0.33383670449256897,0.6484394669532776,-0.08365035057067871,‚Ì
2,12,0.3236442506313324,0.6746188998222351,-0.07792934775352478,‚Ì
2,13,0.26174047589302063,0.5973768830299377,-0.042173076421022415,‚Ì
2,14,0.2974697947502136,0.6090831756591797,-0.08504194766283035,‚Ì
2,15,0.30109095573425293,0.6748626828193665,-0.07394783943891525,‚Ì
2,16,0.2905469536781311,0.6905319690704346,-0.05608903244137764,‚Ì
2,17,0.22751736640930176,0.6250707507133484,-0.05141172558069229,‚Ì
2,18,0.2616422772407532,0.6322189569473267,-0.07905035465955734,‚Ì
2,19,0.2721250653266907,0.6787850856781006,-0.06896129250526428,‚Ì
2,20,0.2646472156047821,0.6906020045280457,-0.054194916039705276,‚Ì
3,0,0.28285616636276245,0.7874349355697632,5.8061171870349426e-08,‚Ì
3,1,0.33037859201431274,0.7551127076148987,-0.02520635537803173,‚Ì
3,2,0.3613262176513672,0.7040396332740784,-0.04624062404036522,‚Ì
3,3,0.3690418004989624,0.6511274576187134,-0.06810545176267624,‚Ì
3,4,0.3631581664085388,0.6001486778259277,-0.0886954665184021,‚Ì
3,5,0.3405623137950897,0.5819841623306274,-0.030788451433181763,‚Ì
3,6,0.3553175926208496,0.5017679929733276,-0.06030210107564926,‚Ì
3,7,0.3615909218788147,0.445321261882782,-0.07544522732496262,‚Ì
3,8,0.36226707696914673,0.3991451561450958,-0.08498694002628326,‚Ì
3,9,0.29761695861816406,0.5808261632919312,-0.03501848503947258,‚Ì
3,10,0.33058491349220276,0.5705296993255615,-0.07784031331539154,‚Ì
3,11,0.3333359360694885,0.646746814250946,-0.08375076949596405,‚Ì
3,12,0.32310450077056885,0.6720774173736572,-0.07803346961736679,‚Ì
3,13,0.2609004080295563,0.5971930623054504,-0.04214579612016678,‚Ì
3,14,0.2965031564235687,0.6071977615356445,-0.08529598265886307,‚Ì
3,15,0.30048269033432007,0.6733158230781555,-0.0742090493440628,‚Ì
3,16,0.289760023355484,0.6882885098457336,-0.05620727688074112,‚Ì
3,17,0.2267078161239624,0.6248874068260193,-0.05145573243498802,‚Ì
3,18,0.2606107294559479,0.6299918293952942,-0.0791923850774765,‚Ì
3,19,0.27183786034584045,0.6766331791877747,-0.06880079209804535,‚Ì
3,20,0.26468145847320557,0.6891570687294006,-0.053773555904626846,‚Ì
4,0,0.2820113003253937,0.7854633331298828,5.375234835014453e-08,‚Ì
4,1,0.3291921615600586,0.753571629524231,-0.02483224682509899,‚Ì
4,2,0.360594779253006,0.7022343873977661,-0.04562203586101532,‚Ì
4,3,0.36859214305877686,0.6491917371749878,-0.06714331358671188,‚Ì
4,4,0.36224326491355896,0.5988823175430298,-0.0873941034078598,‚Ì
4,5,0.3398977220058441,0.5809729099273682,-0.030818935483694077,‚Ì
4,6,0.3545847237110138,0.5003080368041992,-0.060097888112068176,‚Ì
4,7,0.3613625764846802,0.44395145773887634,-0.07492023706436157,‚Ì
4,8,0.362129271030426,0.39759528636932373,-0.08423714339733124,‚Ì
4,9,0.29692792892456055,0.5791043639183044,-0.034996140748262405,‚Ì
4,10,0.3295680582523346,0.5692479014396667,-0.0769222155213356,‚Ì
4,11,0.3322291076183319,0.6452971696853638,-0.082158163189888,‚Ì
4,12,0.32172131538391113,0.6695630550384521,-0.07615222781896591,‚Ì
4,13,0.26031768321990967,0.5951650738716125,-0.04204156994819641,‚Ì
4,14,0.29569384455680847,0.606683075428009,-0.08439113944768906,‚Ì
4,15,0.2995658218860626,0.6723324656486511,-0.07299526035785675,‚Ì
4,16,0.28867653012275696,0.6859699487686157,-0.0550544373691082,‚Ì
4,17,0.22651243209838867,0.6225321888923645,-0.05128147825598717,‚Ì
4,18,0.260135680437088,0.6296684741973877,-0.07834669947624207,‚Ì
4,19,0.27078649401664734,0.6758038401603699,-0.06779780238866806,‚Ì
4,20,0.2629253566265106,0.6872323155403137,-0.05285995826125145,‚Ì
5,0,0.2824685275554657,0.784011721611023,4.253278262922322e-08,‚Ì
5,1,0.32912981510162354,0.7521811723709106,-0.024490924552083015,‚Ì
5,2,0.36057084798812866,0.7006468176841736,-0.044714197516441345,‚Ì
5,3,0.3681510090827942,0.6472941040992737,-0.06566797196865082,‚Ì
5,4,0.36179742217063904,0.5978565216064453,-0.08527608960866928,‚Ì
5,5,0.340043842792511,0.5793481469154358,-0.030161898583173752,‚Ì
5,6,0.3542671501636505,0.4992387890815735,-0.05893969535827637,‚Ì
5,7,0.3605863153934479,0.44314509630203247,-0.0734727755188942,‚Ì
5,8,0.36115318536758423,0.3968586325645447,-0.08266167342662811,‚Ì
5,9,0.29705214500427246,0.5768941640853882,-0.03412196785211563,‚Ì
5,10,0.32923805713653564,0.5677115321159363,-0.07520289719104767,‚Ì
5,11,0.3320728540420532,0.6435348987579346,-0.08020104467868805,‚Ì
5,12,0.3214869201183319,0.6685633063316345,-0.07416482269763947,‚Ì
5,13,0.26050132513046265,0.5925378203392029,-0.0409463606774807,‚Ì
5,14,0.2954791784286499,0.6052128672599792,-0.08227720111608505,‚Ì
5,15,0.29943862557411194,0.6703088283538818,-0.07097369432449341,‚Ì
5,16,0.28883659839630127,0.6849390268325806,-0.05332639068365097,‚Ì
5,17,0.22656403481960297,0.6201123595237732,-0.049904584884643555,‚Ì
5,18,0.25963374972343445,0.6288797855377197,-0.07635631412267685,‚Ì
5,19,0.27034345269203186,0.6749902367591858,-0.06616778671741486,‚Ì
5,20,0.263119101524353,0.6861511468887329,-0.0515962615609169,‚Ì
6,0,0.28174227476119995,0.7827233076095581,4.7999954233546305e-08,‚Ì
6,1,0.3287312686443329,0.7508825659751892,-0.025050710886716843,‚Ì
6,2,0.3602798581123352,0.6990700960159302,-0.045536287128925323,‚Ì
6,3,0.36721956729888916,0.6462298035621643,-0.06659729778766632,‚Ì
6,4,0.3613049387931824,0.5966656804084778,-0.08631562441587448,‚Ì
6,5,0.33909064531326294,0.5780358910560608,-0.03055572882294655,‚Ì
6,6,0.35339492559432983,0.4979296922683716,-0.05965368449687958,‚Ì
6,7,0.3596247434616089,0.4416140615940094,-0.07438488304615021,‚Ì
6,8,0.36035409569740295,0.39542198181152344,-0.08355352282524109,‚Ì
6,9,0.2959193289279938,0.5760163068771362,-0.03439198061823845,‚Ì
6,10,0.32842281460762024,0.5663143396377563,-0.07622628659009933,‚Ì
6,11,0.3312012553215027,0.6427575945854187,-0.08140522241592407,‚Ì
6,12,0.3208500146865845,0.6687759757041931,-0.07519049942493439,‚Ì
6,13,0.2594514787197113,0.5920684337615967,-0.04112459719181061,‚Ì
6,14,0.2947412431240082,0.6046550869941711,-0.08316989988088608,‚Ì
6,15,0.29863548278808594,0.6702282428741455,-0.07204476743936539,‚Ì
6,16,0.28842347860336304,0.6852377653121948,-0.05412948504090309,‚Ì
6,17,0.22562596201896667,0.6198538541793823,-0.05006306245923042,‚Ì
6,18,0.25867751240730286,0.6280073523521423,-0.07699353247880936,‚Ì
6,19,0.26954296231269836,0.6743244528770447,-0.06686583906412125,‚Ì
6,20,0.2628430426120758,0.6855533123016357,-0.05217299982905388,‚Ì
7,0,0.28161922097206116,0.7825087308883667,5.0611461688276904e-08,‚Ì
7,1,0.3284425735473633,0.7502137422561646,-0.025422967970371246,‚Ì
7,2,0.359847754240036,0.6989908218383789,-0.04628283903002739,‚Ì
7,3,0.3669486939907074,0.6461896896362305,-0.06779457628726959,‚Ì
7,4,0.36098745465278625,0.596338152885437,-0.08788754045963287,‚Ì
7,5,0.33857476711273193,0.5769287347793579,-0.030427036806941032,‚Ì
7,6,0.3527134656906128,0.49730831384658813,-0.05955033376812935,‚Ì
7,7,0.3591059744358063,0.44095391035079956,-0.07431329786777496,‚Ì
7,8,0.35976850986480713,0.39473995566368103,-0.08343949168920517,‚Ì
7,9,0.29539424180984497,0.5753512978553772,-0.03420405462384224,‚Ì
7,10,0.32718729972839355,0.5648135542869568,-0.0761922150850296,‚Ì
7,11,0.33001604676246643,0.6420286297798157,-0.0813688337802887,‚Ì
7,12,0.31980523467063904,0.6684055924415588,-0.07492681592702866,‚Ì
7,13,0.25881943106651306,0.5918024778366089,-0.040952835232019424,‚Ì
7,14,0.2937134802341461,0.6030817627906799,-0.08320941030979156,‚Ì
7,15,0.2982640862464905,0.6693509221076965,-0.07185918837785721,‚Ì
7,16,0.28839442133903503,0.6850830316543579,-0.053645145148038864,‚Ì
7,17,0.2250382900238037,0.6198289394378662,-0.04992564767599106,‚Ì
7,18,0.25754088163375854,0.6269913911819458,-0.07695911824703217,‚Ì
7,19,0.26919084787368774,0.6735233664512634,-0.06664422154426575,‚Ì
7,20,0.2633140981197357,0.6855350732803345,-0.05168953165411949,‚Ì
8,0,0.28108036518096924,0.7819093465805054,5.209753339840972e-08,‚Ì
8,1,0.32833999395370483,0.7494780421257019,-0.025587797164916992,‚Ì
8,2,0.35961854457855225,0.6984319090843201,-0.04645700752735138,‚Ì
8,3,0.36684757471084595,0.6456118822097778,-0.06794001162052155,‚Ì
8,4,0.3605267405509949,0.5957292318344116,-0.08800360560417175,‚Ì
8,5,0.3380230963230133,0.5768897533416748,-0.030843460932374,‚Ì
8,6,0.35251379013061523,0.49675482511520386,-0.06015242263674736,‚Ì
8,7,0.35877564549446106,0.4404312074184418,-0.07488363236188889,‚Ì
8,8,0.35957205295562744,0.39430856704711914,-0.08393718302249908,‚Ì
8,9,0.2947225272655487,0.5751429200172424,-0.034449540078639984,‚Ì
8,10,0.32676252722740173,0.5643429756164551,-0.0766483023762703,‚Ì
8,11,0.32938820123672485,0.6416941285133362,-0.08163543045520782,‚Ì
8,12,0.3194395899772644,0.6686453819274902,-0.07499871402978897,‚Ì
8,13,0.2581934928894043,0.5914226174354553,-0.04108625277876854,‚Ì
8,14,0.2934700846672058,0.6029419898986816,-0.08340010792016983,‚Ì
8,15,0.29781845211982727,0.669009804725647,-0.07204479724168777,‚Ì
8,16,0.28797999024391174,0.6847885251045227,-0.05378424748778343,‚Ì
8,17,0.22458283603191376,0.6196137070655823,-0.04990963265299797,‚Ì
8,18,0.25732308626174927,0.6271703839302063,-0.07699356973171234,‚Ì
8,19,0.2689860463142395,0.6733339428901672,-0.06686586141586304,‚Ì
8,20,0.2627922296524048,0.6849993467330933,-0.052019570022821426,‚Ì
9,0,0.2798830270767212,0.7812215685844421,5.970187544335204e-08,‚Ì
9,1,0.32788604497909546,0.748540997505188,-0.02593071013689041,‚Ì
9,2,0.35934120416641235,0.6981669664382935,-0.04710490256547928,‚Ì
9,3,0.36677318811416626,0.6457063555717468,-0.06889283657073975,‚Ì
9,4,0.3601689338684082,0.5961244106292725,-0.08929985016584396,‚Ì
9,5,0.3374790847301483,0.5764516592025757,-0.03143523260951042,‚Ì
9,6,0.35191959142684937,0.4966418445110321,-0.06122102960944176,‚Ì
9,7,0.3581823408603668,0.44007569551467896,-0.0762961283326149,‚Ì
9,8,0.35897403955459595,0.3938347101211548,-0.08561737835407257,‚Ì
9,9,0.29391297698020935,0.5750209093093872,-0.03500262275338173,‚Ì
9,10,0.32633787393569946,0.563928484916687,-0.0780222937464714,‚Ì
9,11,0.3291088342666626,0.6412876844406128,-0.08331583440303802,‚Ì
9,12,0.3195960223674774,0.6691218614578247,-0.07667972147464752,‚Ì
9,13,0.25740453600883484,0.5911559462547302,-0.04161955788731575,‚Ì
9,14,0.2929503321647644,0.6023625731468201,-0.08438988775014877,‚Ì
9,15,0.2976846694946289,0.6684714555740356,-0.07307396829128265,‚Ì
9,16,0.2883636951446533,0.6856390237808228,-0.054584916681051254,‚Ì
9,17,0.2240743786096573,0.6190698146820068,-0.05051885545253754,‚Ì
9,18,0.25708290934562683,0.6263154149055481,-0.07790721207857132,‚Ì
9,19,0.2690029740333557,0.6725014448165894,-0.06785713881254196,‚Ì
9,20,0.2633744776248932,0.6849027872085571,-0.05293547362089157,‚Ì
10,0,0.27906301617622375,0.7815678119659424,6.19846218796738e-08,‚Ì
10,1,0.3272978365421295,0.7481657266616821,-0.025906257331371307,‚Ì
10,2,0.35881951451301575,0.6982998847961426,-0.04729042202234268,‚Ì
10,3,0.36660248041152954,0.646117627620697,-0.06940271705389023,‚Ì
10,4,0.36017531156539917,0.5959036946296692,-0.09005874395370483,‚Ì
10,5,0.3372596502304077,0.5767686367034912,-0.031022362411022186,‚Ì
10,6,0.3518921732902527,0.4969339966773987,-0.06104832515120506,‚Ì
10,7,0.3583430051803589,0.4397165775299072,-0.07610921561717987,‚Ì
10,8,0.3587610423564911,0.3934142589569092,-0.0853833481669426,‚Ì
10,9,0.29373833537101746,0.5751520395278931,-0.03479716554284096,‚Ì
10,10,0.32614654302597046,0.5643721222877502,-0.07821697741746902,‚Ì
10,11,0.32843300700187683,0.6422864198684692,-0.08339056372642517,‚Ì
10,12,0.31842494010925293,0.6693349480628967,-0.07641580700874329,‚Ì
10,13,0.2572382092475891,0.5909522175788879,-0.041695281863212585,‚Ì
10,14,0.2930000424385071,0.6034902930259705,-0.08507676422595978,‚Ì
10,15,0.2971913814544678,0.6696685552597046,-0.0736948773264885,‚Ì
10,16,0.28720778226852417,0.6853769421577454,-0.054993316531181335,‚Ì
10,17,0.22403234243392944,0.6182254552841187,-0.050892770290374756,‚Ì
10,18,0.25746187567710876,0.6274798512458801,-0.07856188714504242,‚Ì
10,19,0.26852715015411377,0.6735714673995972,-0.06867457926273346,‚Ì
10,20,0.2621220648288727,0.6845170259475708,-0.053690336644649506,‚Ì
11,0,0.2791611850261688,0.7807255983352661,6.031888943880404e-08,‚Ì
11,1,0.3273923993110657,0.7481672763824463,-0.02600191719830036,‚Ì
11,2,0.35913732647895813,0.6980722546577454,-0.04732156917452812,‚Ì
11,3,0.3668186366558075,0.646145761013031,-0.06923609972000122,‚Ì
11,4,0.36052054166793823,0.5959867238998413,-0.08965384215116501,‚Ì
11,5,0.33766892552375793,0.5762122273445129,-0.03156690299510956,‚Ì
11,6,0.3518446981906891,0.4960707128047943,-0.061445120722055435,‚Ì
11,7,0.35819393396377563,0.43925735354423523,-0.0765281543135643,‚Ì
11,8,0.3582375645637512,0.3931446075439453,-0.0858159214258194,‚Ì
11,9,0.29396671056747437,0.5743418335914612,-0.03525130823254585,‚Ì
11,10,0.3265240788459778,0.5643890500068665,-0.07852386683225632,‚Ì
11,11,0.328888863325119,0.641650915145874,-0.08382020145654678,‚Ì
11,12,0.31877121329307556,0.6688480377197266,-0.07714221626520157,‚Ì
11,13,0.2572169303894043,0.5902770161628723,-0.042025238275527954,‚Ì
11,14,0.2930490970611572,0.603857159614563,-0.08504834026098251,‚Ì
11,15,0.2969907224178314,0.6693230271339417,-0.07407188415527344,‚Ì
11,16,0.2869980037212372,0.6843495965003967,-0.05588013306260109,‚Ì
11,17,0.22385361790657043,0.617737352848053,-0.051082730293273926,‚Ì
11,18,0.2573600113391876,0.628016471862793,-0.07860063016414642,‚Ì
11,19,0.268586128950119,0.6737818717956543,-0.06900583207607269,‚Ì
11,20,0.2622871696949005,0.6844010353088379,-0.05442172288894653,‚Ì
12,0,0.279112845659256,0.7801914215087891,6.472269120649798e-08,‚Ì
12,1,0.3279408812522888,0.7467733025550842,-0.026083368808031082,‚Ì
12,2,0.35947754979133606,0.6966679096221924,-0.04775233566761017,‚Ì
12,3,0.36720502376556396,0.6445774435997009,-0.07005467265844345,‚Ì
12,4,0.3606785535812378,0.594529926776886,-0.09089833498001099,‚Ì
12,5,0.33751052618026733,0.5756685733795166,-0.0318988673388958,‚Ì
12,6,0.35149309039115906,0.4954923391342163,-0.0623774453997612,‚Ì
12,7,0.357666939496994,0.43823301792144775,-0.0778854489326477,‚Ì
12,8,0.35773512721061707,0.39215272665023804,-0.08744358271360397,‚Ì
12,9,0.29388371109962463,0.5742570757865906,-0.03579505905508995,‚Ì
12,10,0.32657504081726074,0.5643553137779236,-0.07991990447044373,‚Ì
12,11,0.32936859130859375,0.6418675184249878,-0.08552427589893341,‚Ì
12,12,0.31930145621299744,0.6697276830673218,-0.07884509116411209,‚Ì
12,13,0.25733521580696106,0.5905168056488037,-0.042838916182518005,‚Ì
12,14,0.2933410704135895,0.603504478931427,-0.08652231842279434,‚Ì
12,15,0.29774558544158936,0.6688947081565857,-0.07539034634828568,‚Ì
12,16,0.28778406977653503,0.684907853603363,-0.05692662298679352,‚Ì
12,17,0.22390928864479065,0.6184346675872803,-0.052205126732587814,‚Ì
12,18,0.2576730251312256,0.628624439239502,-0.08022700250148773,‚Ì
12,19,0.2691577076911926,0.6739572286605835,-0.07070723921060562,‚Ì
12,20,0.2629733085632324,0.6845893263816833,-0.05604373663663864,‚Ì
13,0,0.2791404128074646,0.7803272604942322,6.677574049263058e-08,‚Ì
13,1,0.3283955156803131,0.7463230490684509,-0.026295674964785576,‚Ì
13,2,0.3598877489566803,0.6968750953674316,-0.04813835769891739,‚Ì
13,3,0.36788102984428406,0.6446572542190552,-0.07067202776670456,‚Ì
13,4,0.3608332872390747,0.5950228571891785,-0.09167017787694931,‚Ì
13,5,0.3379380404949188,0.5758644342422485,-0.03199626877903938,‚Ì
13,6,0.35167577862739563,0.49581554532051086,-0.06241864338517189,‚Ì
13,7,0.3576210141181946,0.4384382665157318,-0.07777377963066101,‚Ì
13,8,0.3576895594596863,0.3924373388290405,-0.08721719682216644,‚Ì
13,9,0.29418736696243286,0.5744233727455139,-0.03587344288825989,‚Ì
13,10,0.32665079832077026,0.5643314719200134,-0.07984672486782074,‚Ì
13,11,0.32931065559387207,0.6418300867080688,-0.08506747335195541,‚Ì
13,12,0.31961849331855774,0.6695794463157654,-0.07815766334533691,‚Ì
13,13,0.2576347589492798,0.5906739234924316,-0.04291761294007301,‚Ì
13,14,0.2935448884963989,0.6033284068107605,-0.08644943684339523,‚Ì
13,15,0.2979396879673004,0.6687228083610535,-0.07524017989635468,‚Ì
13,16,0.28809741139411926,0.6847518086433411,-0.05669885128736496,‚Ì
13,17,0.2243385910987854,0.6184390783309937,-0.05236102640628815,‚Ì
13,18,0.25781798362731934,0.629091203212738,-0.08030737936496735,‚Ì
13,19,0.26932305097579956,0.6741034984588623,-0.07082558423280716,‚Ì
13,20,0.26331233978271484,0.6841009855270386,-0.056276582181453705,‚Ì
14,0,0.2813516855239868,0.7814469337463379,7.203947660627819e-08,‚Ì
14,1,0.32943201065063477,0.747397780418396,-0.026830116286873817,‚Ì
14,2,0.3601270616054535,0.6995589733123779,-0.04909258708357811,‚Ì
14,3,0.36905258893966675,0.648978590965271,-0.07193081080913544,‚Ì
14,4,0.36205363273620605,0.5996564030647278,-0.09327207505702972,‚Ì
14,5,0.3388522267341614,0.5756095051765442,-0.033182598650455475,‚Ì
14,6,0.3517058491706848,0.4957870543003082,-0.0631025955080986,‚Ì
14,7,0.3577509820461273,0.43826955556869507,-0.07814895361661911,‚Ì
14,8,0.3578721284866333,0.39247751235961914,-0.08751454204320908,‚Ì
14,9,0.29523077607154846,0.5740689039230347,-0.03675226867198944,‚Ì
14,10,0.3267419934272766,0.566723644733429,-0.07991459220647812,‚Ì
14,11,0.33024758100509644,0.6430456042289734,-0.08505799621343613,‚Ì
14,12,0.32128775119781494,0.6703863143920898,-0.07837925106287003,‚Ì
14,13,0.2584947943687439,0.5906894207000732,-0.043526969850063324,‚Ì
14,14,0.29345831274986267,0.6070919632911682,-0.08597920089960098,‚Ì
14,15,0.29856768250465393,0.6716229915618896,-0.07496311515569687,‚Ì
14,16,0.2897332012653351,0.6871178150177002,-0.05699960142374039,‚Ì
14,17,0.22501105070114136,0.6186690926551819,-0.05273902788758278,‚Ì
14,18,0.25684237480163574,0.6311455368995667,-0.08022166788578033,‚Ì
14,19,0.2694718539714813,0.6752076745033264,-0.07120152562856674,‚Ì
14,20,0.2648842930793762,0.6857311129570007,-0.057114750146865845,‚Ì
15,0,0.2832711338996887,0.7838185429573059,3.9862442235971685e-08,‚Ì
15,1,0.32932308316230774,0.7538644075393677,-0.025125380605459213,‚Ì
15,2,0.3616839349269867,0.7058902382850647,-0.04683155566453934,‚Ì
15,3,0.3718935251235962,0.6566998362541199,-0.06926767528057098,‚Ì
15,4,0.3644861876964569,0.6083961725234985,-0.09020549058914185,‚Ì
15,5,0.34099867939949036,0.5763488411903381,-0.03351971507072449,‚Ì
15,6,0.35281965136528015,0.4965655207633972,-0.06281344592571259,‚Ì
15,7,0.35769200325012207,0.43964236974716187,-0.07737387716770172,‚Ì
15,8,0.3577384948730469,0.394046813249588,-0.08667103201150894,‚Ì
15,9,0.296598881483078,0.5735735297203064,-0.03755360469222069,‚Ì
15,10,0.32880356907844543,0.5758348107337952,-0.07806539535522461,‚Ì
15,11,0.33257681131362915,0.6505001187324524,-0.08267556130886078,‚Ì
15,12,0.32443341612815857,0.6744327545166016,-0.07698968797922134,‚Ì
15,13,0.25912004709243774,0.591682493686676,-0.044449642300605774,‚Ì
15,14,0.29634541273117065,0.6170398592948914,-0.08436595648527145,‚Ì
15,15,0.3015735149383545,0.6792163848876953,-0.07368575036525726,‚Ì
15,16,0.29276522994041443,0.6925122737884521,-0.05739650875329971,‚Ì
15,17,0.2253604233264923,0.6224935054779053,-0.05378521606326103,‚Ì
15,18,0.2592554986476898,0.6429465413093567,-0.07952528446912766,‚Ì
15,19,0.272250771522522,0.6860822439193726,-0.07088123261928558,‚Ì
15,20,0.2679046392440796,0.6943859457969666,-0.057934362441301346,‚Ì
16,0,0.2858293354511261,0.7918916940689087,3.296023365351175e-08,‚Ì
16,1,0.3318353295326233,0.758211076259613,-0.02233370579779148,‚Ì
16,2,0.3644307851791382,0.7095502614974976,-0.04324020817875862,‚Ì
16,3,0.3774532675743103,0.6639562249183655,-0.06526533514261246,‚Ì
16,4,0.3711554706096649,0.6179893016815186,-0.0857861116528511,‚Ì
16,5,0.34076422452926636,0.5826018452644348,-0.03427201509475708,‚Ì
16,6,0.3525434136390686,0.5032764077186584,-0.06352955102920532,‚Ì
16,7,0.3571309447288513,0.4475686252117157,-0.07868869602680206,‚Ì
16,8,0.35733237862586975,0.40092068910598755,-0.08894908428192139,‚Ì
16,9,0.2970096468925476,0.5788732171058655,-0.04000008478760719,‚Ì
16,10,0.3320111632347107,0.5852623581886292,-0.07946015149354935,‚Ì
16,11,0.3385327160358429,0.6568900346755981,-0.08462892472743988,‚Ì
16,12,0.3316168189048767,0.6801303625106812,-0.08054019510746002,‚Ì
16,13,0.2596907317638397,0.5989706516265869,-0.04817754402756691,‚Ì
16,14,0.30015718936920166,0.6288936734199524,-0.08617183566093445,‚Ì
16,15,0.3071136772632599,0.6878450512886047,-0.07583430409431458,‚Ì
16,16,0.2993200421333313,0.6993951797485352,-0.06109946221113205,‚Ì
16,17,0.22660505771636963,0.6323538422584534,-0.058707937598228455,‚Ì
16,18,0.2622608542442322,0.656853199005127,-0.08331745117902756,‚Ì
16,19,0.277429461479187,0.6968677043914795,-0.07521714270114899,‚Ì
16,20,0.27505746483802795,0.7038339972496033,-0.06337525695562363,‚Ì
17,0,0.28870975971221924,0.7976247668266296,2.2367325769323543e-08,‚Ì
17,1,0.3365374505519867,0.7632415294647217,-0.021023590117692947,‚Ì
17,2,0.36889734864234924,0.7165905833244324,-0.0424715131521225,‚Ì
17,3,0.38192641735076904,0.6740925312042236,-0.06550101935863495,‚Ì
17,4,0.37675797939300537,0.6294311285018921,-0.08725754171609879,‚Ì
17,5,0.34036725759506226,0.5889381170272827,-0.03602942079305649,‚Ì
17,6,0.35112544894218445,0.5110146999359131,-0.06611823290586472,‚Ì
17,7,0.3559958338737488,0.4562256932258606,-0.08247419446706772,‚Ì
17,8,0.3571305572986603,0.40977925062179565,-0.09373821318149567,‚Ì
17,9,0.2961724102497101,0.58656245470047,-0.04266439005732536,‚Ì
17,10,0.3353623151779175,0.5997835397720337,-0.08285995572805405,‚Ì
17,11,0.3440145254135132,0.6702598929405212,-0.08918631076812744,‚Ì
17,12,0.3377590775489807,0.6953356862068176,-0.08640889078378677,‚Ì
17,13,0.2595616579055786,0.6097914576530457,-0.05142100527882576,‚Ì
17,14,0.30547016859054565,0.6425768733024597,-0.08903201669454575,‚Ì
17,15,0.31434816122055054,0.6993709206581116,-0.07915671169757843,‚Ì
17,16,0.30683350563049316,0.7127482891082764,-0.06519241631031036,‚Ì
17,17,0.22831189632415771,0.6464903950691223,-0.062492139637470245,‚Ì
17,18,0.2677463889122009,0.6717939972877502,-0.08633174002170563,‚Ì
17,19,0.28304776549339294,0.708815336227417,-0.07830805331468582,‚Ì
17,20,0.2795060873031616,0.7160231471061707,-0.06692831963300705,‚Ì
18,0,0.2881758213043213,0.8038968443870544,-1.0749098500184573e-08,‚Ì
18,1,0.3371640145778656,0.7710932493209839,-0.018030187115073204,‚Ì
18,2,0.3700234591960907,0.725259006023407,-0.03859259933233261,‚Ì
18,3,0.3853451609611511,0.6838588118553162,-0.06130644306540489,‚Ì
18,4,0.3824229836463928,0.6409754753112793,-0.08331584185361862,‚Ì
18,5,0.3397916257381439,0.59616619348526,-0.035489194095134735,‚Ì
18,6,0.3508918583393097,0.5189388990402222,-0.06557124108076096,‚Ì
18,7,0.3558160066604614,0.46464845538139343,-0.08270657807588577,‚Ì
18,8,0.3574410378932953,0.41843175888061523,-0.09443476796150208,‚Ì
18,9,0.2962823510169983,0.5945824384689331,-0.04337145388126373,‚Ì
18,10,0.3389536738395691,0.6144911050796509,-0.08232580125331879,‚Ì
18,11,0.34799426794052124,0.6837522387504578,-0.08879914879798889,‚Ì
18,12,0.3414859175682068,0.7086153030395508,-0.08674290776252747,‚Ì
18,13,0.2608998417854309,0.6208418607711792,-0.05304340273141861,‚Ì
18,14,0.31092363595962524,0.6561603546142578,-0.0889514610171318,‚Ì
18,15,0.3202815651893616,0.7104724645614624,-0.07958414405584335,‚Ì
18,16,0.31257474422454834,0.7241697311401367,-0.0667136013507843,‚Ì
18,17,0.23161348700523376,0.6606185436248779,-0.06473351269960403,‚Ì
18,18,0.27445244789123535,0.6875399947166443,-0.08697137236595154,‚Ì
18,19,0.2895281910896301,0.7235983610153198,-0.07867025583982468,‚Ì
18,20,0.28585872054100037,0.7317640781402588,-0.06747516244649887,‚Ì
19,0,0.28716638684272766,0.8136646747589111,-3.268788617560858e-08,‚Ì
19,1,0.3385077118873596,0.7815953493118286,-0.01596248336136341,‚Ì
19,2,0.3732485771179199,0.7386436462402344,-0.036550674587488174,‚Ì
19,3,0.39270302653312683,0.6998429894447327,-0.059868790209293365,‚Ì
19,4,0.3913189172744751,0.6595104932785034,-0.08273192495107651,‚Ì
19,5,0.3434966802597046,0.6092049479484558,-0.03700566664338112,‚Ì
19,6,0.3555782437324524,0.5331052541732788,-0.06912020593881607,‚Ì
19,7,0.36076119542121887,0.47819817066192627,-0.0878884494304657,‚Ì
19,8,0.36235177516937256,0.4318884611129761,-0.10032477974891663,‚Ì
19,9,0.30045562982559204,0.6066683530807495,-0.0460674986243248,‚Ì
19,10,0.34601250290870667,0.6318035125732422,-0.08637182414531708,‚Ì
19,11,0.3555130064487457,0.6994488835334778,-0.09312081336975098,‚Ì
19,12,0.34906986355781555,0.726113498210907,-0.09099753946065903,‚Ì
19,13,0.2656760513782501,0.6334032416343689,-0.05672179535031319,‚Ì
19,14,0.3175182342529297,0.6762843728065491,-0.09357579797506332,‚Ì
19,15,0.32670557498931885,0.7283370494842529,-0.08515852689743042,‚Ì
19,16,0.31843963265419006,0.742841362953186,-0.07279802113771439,‚Ì
19,17,0.23763416707515717,0.6737089157104492,-0.06912020593881607,‚Ì
19,18,0.2821490168571472,0.7075064778327942,-0.09137668460607529,‚Ì
19,19,0.2972942888736725,0.7425793409347534,-0.08318690955638885,‚Ì
19,20,0.29314491152763367,0.752586305141449,-0.07211554050445557,‚Ì
20,0,0.289796382188797,0.8258018493652344,-4.172787271272682e-08,‚Ì
20,1,0.34234747290611267,0.7909228205680847,-0.01182512380182743,‚Ì
20,2,0.3774447441101074,0.751069188117981,-0.031495943665504456,‚Ì
20,3,0.39852744340896606,0.716741681098938,-0.05465583875775337,‚Ì
20,4,0.40180233120918274,0.6804651021957397,-0.07785345613956451,‚Ì
20,5,0.347444623708725,0.6220730543136597,-0.03611660748720169,‚Ì
20,6,0.3607831299304962,0.5480211973190308,-0.06714105606079102,‚Ì
20,7,0.36737650632858276,0.49383610486984253,-0.08622722327709198,‚Ì
20,8,0.37023240327835083,0.4472291171550751,-0.09897647798061371,‚Ì
20,9,0.3050772249698639,0.6191932559013367,-0.047375936061143875,‚Ì
20,10,0.35686346888542175,0.6526430249214172,-0.08592545986175537,‚Ì
20,11,0.3654980957508087,0.7170798778533936,-0.09362028539180756,‚Ì
20,12,0.3560777008533478,0.7449126243591309,-0.09263957291841507,‚Ì
20,13,0.2716822624206543,0.6479549407958984,-0.059370800852775574,‚Ì
20,14,0.3292817771434784,0.7004806399345398,-0.09437467157840729,‚Ì
20,15,0.33841171860694885,0.7505866289138794,-0.08713249117136002,‚Ì
20,16,0.3296375572681427,0.7668595314025879,-0.07577886432409286,‚Ì
20,17,0.24541814625263214,0.6912810206413269,-0.07291216403245926,‚Ì
20,18,0.2940550148487091,0.7325510382652283,-0.09369572252035141,‚Ì
20,19,0.3106352388858795,0.7678209543228149,-0.08532194793224335,‚Ì
20,20,0.3085450828075409,0.7808012962341309,-0.07408148050308228,‚Ì
21,0,0.2929893136024475,0.8393292427062988,-4.208836656971471e-08,‚Ì
21,1,0.34818035364151,0.8044525980949402,-0.011361582204699516,‚Ì
21,2,0.3862881362438202,0.7672198414802551,-0.03051021136343479,‚Ì
21,3,0.40897566080093384,0.7375652194023132,-0.0530644990503788,‚Ì
21,4,0.4138151705265045,0.7046285271644592,-0.07576889544725418,‚Ì
21,5,0.3560311794281006,0.6386570930480957,-0.036308273673057556,‚Ì
21,6,0.3693440854549408,0.5672269463539124,-0.06672466546297073,‚Ì
21,7,0.37759941816329956,0.5147535800933838,-0.086014024913311,‚Ì
21,8,0.3814702033996582,0.46812236309051514,-0.0994490310549736,‚Ì
21,9,0.31419655680656433,0.6372569799423218,-0.048260923475027084,‚Ì
21,10,0.3674822449684143,0.6733418703079224,-0.08646436035633087,‚Ì
21,11,0.3772646486759186,0.7351728081703186,-0.09524589776992798,‚Ì
21,12,0.36751386523246765,0.7607293725013733,-0.09577129036188126,‚Ì
21,13,0.2813433110713959,0.6683809757232666,-0.06083277612924576,‚Ì
21,14,0.3412597179412842,0.7266256213188171,-0.09502072632312775,‚Ì
21,15,0.3511117100715637,0.7739574909210205,-0.08841581642627716,‚Ì
21,16,0.34185144305229187,0.7857258319854736,-0.07828327268362045,‚Ì
21,17,0.2566428780555725,0.7140035033226013,-0.07494328171014786,‚Ì
21,18,0.3059580624103546,0.7594616413116455,-0.09524589776992798,‚Ì
21,19,0.32064324617385864,0.791751503944397,-0.0872899666428566,‚Ì
21,20,0.3162166476249695,0.7994410395622253,-0.07708237320184708,‚Ì
22,0,0.2975751459598541,0.8513920903205872,-1.136898841735956e-08,‚Ì
22,1,0.35512858629226685,0.8148201107978821,-0.010691870003938675,‚Ì
22,2,0.39517271518707275,0.7812460660934448,-0.03144229203462601,‚Ì
22,3,0.4202817678451538,0.7573415040969849,-0.0556945763528347,‚Ì
22,4,0.4232194423675537,0.7370426654815674,-0.08002138137817383,‚Ì
22,5,0.3650614023208618,0.6557916402816772,-0.03930286318063736,‚Ì
22,6,0.3810116648674011,0.5907944440841675,-0.07175101339817047,‚Ì
22,7,0.39194172620773315,0.54234778881073,-0.0932837650179863,‚Ì
22,8,0.39787763357162476,0.4972550868988037,-0.10893040895462036,‚Ì
22,9,0.32335686683654785,0.6561641693115234,-0.0527142658829689,‚Ì
22,10,0.37929248809814453,0.7008727788925171,-0.09179361164569855,‚Ì
22,11,0.39022114872932434,0.7582851648330688,-0.10155413299798965,‚Ì
22,12,0.3810875713825226,0.777895987033844,-0.10408739745616913,‚Ì
22,13,0.2909817397594452,0.6912258863449097,-0.06653546541929245,‚Ì
22,14,0.3535735309123993,0.7587788105010986,-0.1000639796257019,‚Ì
22,15,0.3621210753917694,0.798935055732727,-0.09350728988647461,‚Ì
22,16,0.34994587302207947,0.8027576804161072,-0.08486438542604446,‚Ì
22,17,0.2679731845855713,0.7406984567642212,-0.08203309029340744,‚Ì
22,18,0.3195240795612335,0.7917095422744751,-0.10207568854093552,‚Ì
22,19,0.33149921894073486,0.8165023326873779,-0.0944758877158165,‚Ì
22,20,0.32173845171928406,0.8163360357284546,-0.08568397164344788,‚Ì
23,0,0.284575879573822,0.8597201704978943,-3.1556226076645544e-08,‚Ì
23,1,0.34892532229423523,0.8216962218284607,-0.008294950239360332,‚Ì
23,2,0.3939146399497986,0.7926962375640869,-0.030059561133384705,‚Ì
23,3,0.42479899525642395,0.7794965505599976,-0.056055545806884766,‚Ì
23,4,0.4374614357948303,0.7756257057189941,-0.08250506222248077,‚Ì
23,5,0.3709976375102997,0.673660159111023,-0.04059945419430733,‚Ì
23,6,0.39430609345436096,0.6172197461128235,-0.07328945398330688,‚Ì
23,7,0.4074411392211914,0.5709222555160522,-0.09614706039428711,‚Ì
23,8,0.4166581630706787,0.5270488858222961,-0.11378006637096405,‚Ì
23,9,0.3325161337852478,0.6751927733421326,-0.055837858468294144,‚Ì
23,10,0.3989810049533844,0.741789698600769,-0.09360732138156891,‚Ì
23,11,0.40020066499710083,0.790274977684021,-0.1039113849401474,‚Ì
23,12,0.3842085003852844,0.8020960092544556,-0.10884572565555573,‚Ì
23,13,0.3019333779811859,0.7138946652412415,-0.07103997468948364,‚Ì
23,14,0.3719619810581207,0.7969202399253845,-0.10144421458244324,‚Ì
23,15,0.3698471486568451,0.8266698718070984,-0.09534884989261627,‚Ì
23,16,0.35238587856292725,0.8223075866699219,-0.08910837024450302,‚Ì
23,17,0.27988022565841675,0.7659345269203186,-0.0881650373339653,‚Ì
23,18,0.3351448178291321,0.8290570378303528,-0.10695905983448029,‚Ì
23,19,0.3368862569332123,0.846576452255249,-0.10108139365911484,‚Ì
23,20,0.322023868560791,0.837541937828064,-0.09476834535598755,‚Ì
24,0,0.2686559557914734,0.8694226741790771,1.1121872312003234e-09,‚Ì
24,1,0.3370075225830078,0.8278552889823914,-0.004548685159534216,‚Ì
24,2,0.3881577253341675,0.7958738207817078,-0.023943806067109108,‚Ì
24,3,0.42666152119636536,0.7920853495597839,-0.04781472682952881,‚Ì
24,4,0.4553000330924988,0.8089163303375244,-0.0721229687333107,‚Ì
24,5,0.37580791115760803,0.6951434016227722,-0.03549659997224808,‚Ì
24,6,0.4077715575695038,0.6486223936080933,-0.0650528073310852,‚Ì
24,7,0.4247820973396301,0.6064220070838928,-0.0858624204993248,‚Ì
24,8,0.4385838508605957,0.5689172744750977,-0.10197072476148605,‚Ì
24,9,0.34304508566856384,0.7006747126579285,-0.05196935683488846,‚Ì
24,10,0.4121687114238739,0.7737683653831482,-0.08404020965099335,‚Ì
24,11,0.40961435437202454,0.8133925199508667,-0.09074593335390091,‚Ì
24,12,0.397370308637619,0.8178375363349915,-0.09431745857000351,‚Ì
24,13,0.3143247961997986,0.7401888966560364,-0.06836922466754913,‚Ì
24,14,0.386387437582016,0.8292417526245117,-0.09242235869169235,‚Ì
24,15,0.3738311231136322,0.8461698293685913,-0.08389443159103394,‚Ì
24,16,0.3551745116710663,0.8323975801467896,-0.0774802565574646,‚Ì
24,17,0.29234567284584045,0.7932629585266113,-0.08680995553731918,‚Ì
24,18,0.35221752524375916,0.861172616481781,-0.10051296651363373,‚Ì
24,19,0.34566470980644226,0.8701629042625427,-0.09278680384159088,‚Ì
24,20,0.32935836911201477,0.8555849194526672,-0.08622685819864273,‚Ì
25,0,0.26097726821899414,0.872934103012085,1.8524897171801058e-08,‚Ì
25,1,0.3298526406288147,0.8357179164886475,-0.002467785496264696,‚Ì
25,2,0.38784459233283997,0.8078368306159973,-0.01909790374338627,‚Ì
25,3,0.4317660629749298,0.8146594166755676,-0.04030638188123703,‚Ì
25,4,0.46656322479248047,0.832476794719696,-0.062233954668045044,‚Ì
25,5,0.38287588953971863,0.7188251614570618,-0.03352639451622963,‚Ì
25,6,0.4232170581817627,0.6810718774795532,-0.059507012367248535,‚Ì
25,7,0.4461781084537506,0.6448677182197571,-0.0774749144911766,‚Ì
25,8,0.46413612365722656,0.612098753452301,-0.09129638969898224,‚Ì
25,9,0.3532126247882843,0.7293853163719177,-0.04990670084953308,‚Ì
25,10,0.4248407185077667,0.8101837038993835,-0.07964153587818146,‚Ì
25,11,0.41426408290863037,0.8374615907669067,-0.08591722697019577,‚Ì
25,12,0.3990951180458069,0.8289126753807068,-0.08905506879091263,‚Ì
25,13,0.3267693817615509,0.7687916159629822,-0.06559593230485916,‚Ì
25,14,0.399208128452301,0.8598637580871582,-0.08830796182155609,‚Ì
25,15,0.3761419355869293,0.8639004826545715,-0.07949210703372955,‚Ì
25,16,0.3544263243675232,0.8419733047485352,-0.0723198875784874,‚Ì
25,17,0.304555743932724,0.8202025890350342,-0.08292879909276962,‚Ì
25,18,0.37000447511672974,0.8877418041229248,-0.09577902406454086,‚Ì
25,19,0.3538593053817749,0.8896653652191162,-0.08681374788284302,‚Ì
25,20,0.3317568600177765,0.8730591535568237,-0.07896913588047028,‚Ì
26,0,0.2667500376701355,0.8692659735679626,6.253838336078843e-08,‚Ì
26,1,0.3280993103981018,0.8265669345855713,0.0026861256919801235,‚Ì
26,2,0.39354565739631653,0.8033710718154907,-0.01085730642080307,‚Ì
26,3,0.44198909401893616,0.8220155835151672,-0.02962963469326496,‚Ì
26,4,0.47822487354278564,0.847106397151947,-0.04937019199132919,‚Ì
26,5,0.38997682929039,0.7289812564849854,-0.027486376464366913,‚Ì
26,6,0.437877357006073,0.700983464717865,-0.050084613263607025,‚Ì
26,7,0.4666097164154053,0.6789043545722961,-0.06580185890197754,‚Ì
26,8,0.49030739068984985,0.6577665209770203,-0.07805979996919632,‚Ì
26,9,0.3658093214035034,0.7512843012809753,-0.04621170088648796,‚Ì
26,10,0.44156816601753235,0.8221556544303894,-0.07347247004508972,‚Ì
26,11,0.4237714409828186,0.8415594696998596,-0.07903742045164108,‚Ì
26,12,0.402667373418808,0.8276687860488892,-0.08189510554075241,‚Ì
26,13,0.3439653515815735,0.7959277033805847,-0.0637337937951088,‚Ì
26,14,0.4209124445915222,0.8714941740036011,-0.0851287990808487,‚Ì
26,15,0.3942986726760864,0.8752123117446899,-0.07516451925039291,‚Ì
26,16,0.3703964650630951,0.85445636510849,-0.06719309836626053,‚Ì
26,17,0.32419878244400024,0.8487309217453003,-0.08189510554075241,‚Ì
26,18,0.39368942379951477,0.9061411619186401,-0.09122017025947571,‚Ì
26,19,0.37407025694847107,0.9053309559822083,-0.07881181687116623,‚Ì
26,20,0.34945446252822876,0.8884811997413635,-0.069223552942276,‚Ì
27,0,0.2780636250972748,0.8569850921630859,1.4904092893175402e-07,‚Ì
27,1,0.33468636870384216,0.8113093972206116,0.00013513043813873082,‚Ì
27,2,0.4054275453090668,0.7964387536048889,-0.015557777136564255,‚Ì
27,3,0.4594734311103821,0.8268679976463318,-0.034611888229846954,‚Ì
27,4,0.4943723678588867,0.8598722219467163,-0.054387472569942474,‚Ì
27,5,0.401266872882843,0.7326897978782654,-0.035925328731536865,‚Ì
27,6,0.4573454260826111,0.7198848128318787,-0.058642271906137466,‚Ì
27,7,0.49011605978012085,0.7083519697189331,-0.07270161807537079,‚Ì
27,8,0.5179575085639954,0.6963828802108765,-0.08346811681985855,‚Ì
27,9,0.379622220993042,0.7657900452613831,-0.05372150242328644,‚Ì
27,10,0.4626360237598419,0.8394289612770081,-0.08191418647766113,‚Ì
27,11,0.4410342276096344,0.8530440330505371,-0.08502204716205597,‚Ì
27,12,0.4169522821903229,0.8351322412490845,-0.0856880247592926,‚Ì
27,13,0.359061062335968,0.8164845108985901,-0.07000074535608292,‚Ì
27,14,0.4406079053878784,0.8907443284988403,-0.09145975112915039,‚Ì
27,15,0.4135700762271881,0.8918817043304443,-0.0785103514790535,‚Ì
27,16,0.38854989409446716,0.8688250184059143,-0.06833582371473312,‚Ì
27,17,0.34043243527412415,0.871202290058136,-0.08679796755313873,‚Ì
27,18,0.4117814004421234,0.9245020151138306,-0.09382763504981995,‚Ì
27,19,0.3935107886791229,0.9211258888244629,-0.0785103514790535,‚Ì
27,20,0.3695680499076843,0.900989294052124,-0.06763285398483276,‚Ì
28,0,0.2882266640663147,0.8555964231491089,1.6204751318582566e-07,‚Ì
28,1,0.33921244740486145,0.807944655418396,-0.0033524830359965563,‚Ì
28,2,0.41106438636779785,0.7981096506118774,-0.019565900787711143,‚Ì
28,3,0.4672471284866333,0.8311638236045837,-0.03743980824947357,‚Ì
28,4,0.5049842000007629,0.860251784324646,-0.05533171445131302,‚Ì
28,5,0.41317465901374817,0.7403438091278076,-0.039887797087430954,‚Ì
28,6,0.47439152002334595,0.7322817444801331,-0.06353967636823654,‚Ì
28,7,0.5115005970001221,0.7239857912063599,-0.07718360424041748,‚Ì
28,8,0.5427981615066528,0.714262843132019,-0.0872635468840599,‚Ì
28,9,0.396145224571228,0.7778294086456299,-0.05515172332525253,‚Ì
28,10,0.47957929968833923,0.846903920173645,-0.08474356681108475,‚Ì
28,11,0.45455217361450195,0.8605795502662659,-0.08711955696344376,‚Ì
28,12,0.4292731285095215,0.8429314494132996,-0.08575155586004257,‚Ì
28,13,0.37777870893478394,0.8304920792579651,-0.06904765218496323,‚Ì
28,14,0.45722395181655884,0.8969504833221436,-0.09151153266429901,‚Ì
28,15,0.4300587773323059,0.8993227481842041,-0.0771116092801094,‚Ì
28,16,0.40693899989128113,0.8781934380531311,-0.06465566903352737,‚Ì
28,17,0.35962051153182983,0.8864409327507019,-0.08344757556915283,‚Ì
28,18,0.4311283826828003,0.933777928352356,-0.09086354076862335,‚Ì
28,19,0.4132331609725952,0.9315301179885864,-0.0744476169347763,‚Ì
28,20,0.3902485966682434,0.9121086597442627,-0.062171682715415955,‚Ì
29,0,0.2950894236564636,0.8567394614219666,1.7228136073299538e-07,‚Ì
29,1,0.34360575675964355,0.8026743531227112,-0.003332367166876793,‚Ì
29,2,0.41662368178367615,0.7947512269020081,-0.01872106082737446,‚Ì
29,3,0.47447922825813293,0.8296176791191101,-0.035249244421720505,‚Ì
29,4,0.5097629427909851,0.8638219833374023,-0.05157806724309921,‚Ì
29,5,0.42311012744903564,0.7450507879257202,-0.039218176156282425,‚Ì
29,6,0.49152934551239014,0.7390715479850769,-0.06212565675377846,‚Ì
29,7,0.532855212688446,0.7315369844436646,-0.07419557124376297,‚Ì
29,8,0.5667021870613098,0.7230546474456787,-0.08235093206167221,‚Ì
29,9,0.41012877225875854,0.7880808115005493,-0.053317874670028687,‚Ì
29,10,0.49749475717544556,0.8499850630760193,-0.08394575119018555,‚Ì
29,11,0.4678504765033722,0.8641037940979004,-0.08409073203802109,‚Ì
29,12,0.43679413199424744,0.8492650985717773,-0.0787988230586052,‚Ì
29,13,0.39482027292251587,0.8429771065711975,-0.06593149155378342,‚Ì
29,14,0.4713728129863739,0.8968303203582764,-0.0876428410410881,‚Ì
29,15,0.4420374035835266,0.8996005654335022,-0.07057097554206848,‚Ì
29,16,0.4175046682357788,0.8834083676338196,-0.054731469601392746,‚Ì
29,17,0.37843096256256104,0.8987905383110046,-0.07908878475427628,‚Ì
29,18,0.4466261565685272,0.9354218244552612,-0.0835832878947258,‚Ì
29,19,0.4261724352836609,0.9338251948356628,-0.06419167667627335,‚Ì
29,20,0.4021778106689453,0.9196991324424744,-0.04911333695054054,‚Ì
30,0,0.3020187020301819,0.8542143106460571,1.4725229391387984e-07,‚Ì
30,1,0.35002627968788147,0.7978804707527161,-0.001473833923228085,‚Ì
30,2,0.4209851920604706,0.7899461388587952,-0.015433012507855892,‚Ì
30,3,0.47511380910873413,0.8255100250244141,-0.03058439865708351,‚Ì
30,4,0.5091561079025269,0.8600436449050903,-0.04569823667407036,‚Ì
30,5,0.4345153868198395,0.7443302273750305,-0.036874011158943176,‚Ì
30,6,0.5072781443595886,0.740767776966095,-0.057601556181907654,‚Ì
30,7,0.5498884320259094,0.7361964583396912,-0.06830328702926636,‚Ì
30,8,0.5850062966346741,0.7299948930740356,-0.07577570527791977,‚Ì
30,9,0.42453524470329285,0.7900016903877258,-0.050579726696014404,‚Ì
30,10,0.5048986077308655,0.8488820195198059,-0.07810380309820175,‚Ì
30,11,0.4764665961265564,0.861711859703064,-0.0775030106306076,‚Ì
30,12,0.4465831220149994,0.8481643199920654,-0.07269662618637085,‚Ì
30,13,0.41046634316444397,0.8469156622886658,-0.06259569525718689,‚Ì
30,14,0.4806399941444397,0.8948994278907776,-0.08065720647573471,‚Ì
30,15,0.4521656632423401,0.8986834287643433,-0.06214509531855583,‚Ì
30,16,0.4277406632900238,0.884619414806366,-0.04667453467845917,‚Ì
30,17,0.3947082757949829,0.9030548334121704,-0.07509981095790863,‚Ì
30,18,0.4582671821117401,0.9346016645431519,-0.07742790877819061,‚Ì
30,19,0.4363660216331482,0.9332176446914673,-0.05700076371431351,‚Ì
30,20,0.4128100872039795,0.920224666595459,-0.04171794652938843,‚Ì
31,0,0.306148499250412,0.8532629013061523,1.090334649234137e-07,‚Ì
31,1,0.3547123372554779,0.7928453087806702,0.0011346571845933795,‚Ì
31,2,0.4232589900493622,0.779408872127533,-0.010534459725022316,‚Ì
31,3,0.4728897511959076,0.809462308883667,-0.023818721994757652,‚Ì
31,4,0.5023324489593506,0.8463609218597412,-0.037219177931547165,‚Ì
31,5,0.4446067214012146,0.7449396252632141,-0.03086751513183117,‚Ì
31,6,0.5192590951919556,0.7420247197151184,-0.048140931874513626,‚Ì
31,7,0.5625765323638916,0.7379812002182007,-0.05670017749071121,‚Ì
31,8,0.5975021719932556,0.7311099767684937,-0.06312929838895798,‚Ì
31,9,0.4369620680809021,0.7940431833267212,-0.04453907534480095,‚Ì
31,10,0.5131728053092957,0.8481277823448181,-0.06866763532161713,‚Ì
31,11,0.48430144786834717,0.8570640683174133,-0.06758321076631546,‚Ì
31,12,0.45336446166038513,0.8419501781463623,-0.06262581050395966,‚Ì
31,13,0.42432114481925964,0.8516802787780762,-0.056235421448946,‚Ì
31,14,0.4878475069999695,0.8923829197883606,-0.07091395556926727,‚Ì
31,15,0.4606994688510895,0.8947932124137878,-0.053175780922174454,‚Ì
31,16,0.4365990459918976,0.8813490271568298,-0.038613442331552505,‚Ì
31,17,0.40900352597236633,0.9064288139343262,-0.06820287555456161,‚Ì
31,18,0.46694275736808777,0.9298091530799866,-0.06831906735897064,‚Ì
31,19,0.44573312997817993,0.9288648366928101,-0.04790855199098587,‚Ì
31,20,0.4237140715122223,0.9180799126625061,-0.03274590149521828,‚Ì
32,0,0.30832576751708984,0.8538107872009277,3.131657422272838e-08,‚Ì
32,1,0.35873478651046753,0.7916662096977234,0.002262829802930355,‚Ì
32,2,0.4285265803337097,0.7784653902053833,-0.00734765874221921,‚Ì
32,3,0.4803359806537628,0.8048843145370483,-0.0189096350222826,‚Ì
32,4,0.5115281343460083,0.836447536945343,-0.030187668278813362,‚Ì
32,5,0.452262282371521,0.7458018064498901,-0.024488873779773712,‚Ì
32,6,0.527966320514679,0.7407407164573669,-0.03917423263192177,‚Ì
32,7,0.5716120600700378,0.7347620129585266,-0.04598887264728546,‚Ì
32,8,0.6065618991851807,0.7263470888137817,-0.05136885121464729,‚Ì
32,9,0.4465591609477997,0.7959491610527039,-0.03815801069140434,‚Ì
32,10,0.5168770551681519,0.843940019607544,-0.059857260435819626,‚Ì
32,11,0.48859038949012756,0.8528216481208801,-0.05917978286743164,‚Ì
32,12,0.4589725732803345,0.8411586284637451,-0.05471639335155487,‚Ì
32,13,0.43531563878059387,0.8540890216827393,-0.04993418976664543,‚Ì
32,14,0.4934805631637573,0.8888104557991028,-0.06280629336833954,‚Ì
32,15,0.467141717672348,0.8914615511894226,-0.045749761164188385,‚Ì
32,16,0.4438130259513855,0.8807881474494934,-0.032020844519138336,‚Ì
32,17,0.42117443680763245,0.9092077016830444,-0.06204910948872566,‚Ì
32,18,0.47513800859451294,0.9269771575927734,-0.061052821576595306,‚Ì
32,19,0.4540490210056305,0.9258825778961182,-0.04112696647644043,‚Ì
32,20,0.4328925311565399,0.9180127382278442,-0.026401758193969727,‚Ì
33,0,0.3101441264152527,0.8526570796966553,1.343536837339343e-08,‚Ì
33,1,0.36193177103996277,0.7893034815788269,0.002116784220561385,‚Ì
33,2,0.432417631149292,0.775149405002594,-0.006808520294725895,‚Ì
33,3,0.48401331901550293,0.8028791546821594,-0.017610006034374237,‚Ì
33,4,0.5130838751792908,0.8381592631340027,-0.027950767427682877,‚Ì
33,5,0.4582436978816986,0.7437743544578552,-0.022667763754725456,‚Ì
33,6,0.5347946286201477,0.7390226125717163,-0.03565002605319023,‚Ì
33,7,0.578365683555603,0.7332971692085266,-0.04121970385313034,‚Ì
33,8,0.6133260130882263,0.724690854549408,-0.04599078744649887,‚Ì
33,9,0.4544626474380493,0.7935614585876465,-0.03575240820646286,‚Ì
33,10,0.5215105414390564,0.8420290350914001,-0.05545104667544365,‚Ì
33,11,0.49256643652915955,0.8514687418937683,-0.05405862256884575,‚Ì
33,12,0.46276766061782837,0.8398767113685608,-0.04955374076962471,‚Ì
33,13,0.4443625509738922,0.851044774055481,-0.04701462388038635,‚Ì
33,14,0.4993112087249756,0.8880047798156738,-0.05811301991343498,‚Ì
33,15,0.47293710708618164,0.8907304406166077,-0.041485898196697235,‚Ì
33,16,0.44946780800819397,0.8798439502716064,-0.02868792787194252,‚Ì
33,17,0.43079712986946106,0.9053741693496704,-0.05876827985048294,‚Ì
33,18,0.48026230931282043,0.9250193238258362,-0.0566386952996254,‚Ì
33,19,0.4589977562427521,0.9249282479286194,-0.037370070815086365,‚Ì
33,20,0.43807825446128845,0.9173867106437683,-0.023404927924275398,‚Ì
34,0,0.3123414218425751,0.850508987903595,-1.116059245021006e-08,‚Ì
34,1,0.36496180295944214,0.7853034734725952,0.004513910040259361,‚Ì
34,2,0.43547964096069336,0.7710237503051758,-0.0031346597243100405,‚Ì
34,3,0.48647311329841614,0.7990110516548157,-0.013019287027418613,‚Ì
34,4,0.5150127410888672,0.8376677632331848,-0.022674039006233215,‚Ì
34,5,0.4625401794910431,0.7417513132095337,-0.02126344107091427,‚Ì
34,6,0.5389917492866516,0.736453115940094,-0.03226609528064728,‚Ì
34,7,0.5821229815483093,0.7301633954048157,-0.0365501344203949,‚Ì
34,8,0.6168497800827026,0.7212815880775452,-0.04058339446783066,‚Ì
34,9,0.46050405502319336,0.7909787893295288,-0.03452305123209953,‚Ì
34,10,0.5245436429977417,0.8372018933296204,-0.05053071305155754,‚Ì
34,11,0.4961327612400055,0.8474641442298889,-0.047814011573791504,‚Ì
34,12,0.4668322801589966,0.8370422124862671,-0.04330009967088699,‚Ì
34,13,0.45114246010780334,0.8479815125465393,-0.04555705189704895,‚Ì
34,14,0.503623902797699,0.8831932544708252,-0.05291305482387543,‚Ì
34,15,0.477901428937912,0.886792778968811,-0.035944096744060516,‚Ì
34,16,0.4542247951030731,0.876538872718811,-0.023927900940179825,‚Ì
34,17,0.4372960925102234,0.9011945128440857,-0.05696721374988556,‚Ì
34,18,0.48503363132476807,0.9215484261512756,-0.0521189384162426,‚Ì
34,19,0.4639219045639038,0.9214391708374023,-0.032370585948228836,‚Ì
34,20,0.44183453917503357,0.9139003753662109,-0.018536286428570747,‚Ì
35,0,0.3154696822166443,0.8499085903167725,-3.18217878714222e-08,‚Ì
35,1,0.3682616651058197,0.7835890054702759,0.006335413083434105,‚Ì
35,2,0.43669363856315613,0.7669669985771179,1.592246553627774e-05,‚Ì
35,3,0.48548153042793274,0.7936862111091614,-0.009000184014439583,‚Ì
35,4,0.5124512910842896,0.8342394828796387,-0.017916105687618256,‚Ì
35,5,0.4660046398639679,0.7406256198883057,-0.018095161765813828,‚Ì
35,6,0.541815996170044,0.7338443994522095,-0.027363929897546768,‚Ì
35,7,0.5841168761253357,0.7271310091018677,-0.030755454674363136,‚Ì
35,8,0.6179025173187256,0.7181459665298462,-0.03427337482571602,‚Ì
35,9,0.46594130992889404,0.7905053496360779,-0.03161913529038429,‚Ì
35,10,0.5264650583267212,0.8334101438522339,-0.0454590879380703,‚Ì
35,11,0.49856504797935486,0.8432652354240417,-0.04259420186281204,‚Ì
35,12,0.4699285328388214,0.833918035030365,-0.03827579692006111,‚Ì
35,13,0.4576663076877594,0.8477399945259094,-0.04280485212802887,‚Ì
35,14,0.5069144368171692,0.8797134160995483,-0.04811332747340202,‚Ì
35,15,0.48169565200805664,0.8832654356956482,-0.0316612683236599,‚Ì
35,16,0.4578371047973633,0.8739121556282043,-0.020443951711058617,‚Ì
35,17,0.4446788430213928,0.9008316397666931,-0.054222289472818375,‚Ì
35,18,0.4889872670173645,0.9193801879882812,-0.04819759353995323,‚Ì
35,19,0.46830034255981445,0.9192745089530945,-0.028648918494582176,‚Ì
35,20,0.44623956084251404,0.9129623174667358,-0.015040681697428226,‚Ì
36,0,0.3185272812843323,0.8502763509750366,-4.6297106592874115e-08,‚Ì
36,1,0.3697420656681061,0.7824758887290955,0.007443093694746494,‚Ì
36,2,0.436837762594223,0.7630065083503723,0.002107032807543874,‚Ì
36,3,0.4840444028377533,0.7862674593925476,-0.005947100464254618,‚Ì
36,4,0.5096389651298523,0.8263370394706726,-0.01414872519671917,‚Ì
36,5,0.4677043557167053,0.7390506863594055,-0.018088877201080322,‚Ì
36,6,0.5434775948524475,0.7323194742202759,-0.026632893830537796,‚Ì
36,7,0.5854088068008423,0.7256062626838684,-0.029245616868138313,‚Ì
36,8,0.6188400983810425,0.7169466614723206,-0.03217438980937004,‚Ì
36,9,0.46866416931152344,0.789798378944397,-0.03137372061610222,‚Ì
36,10,0.5280466079711914,0.8302454948425293,-0.043489161878824234,‚Ì
36,11,0.5001277327537537,0.8393886089324951,-0.039275091141462326,‚Ì
36,12,0.4714251160621643,0.8314211964607239,-0.0343024916946888,‚Ì
36,13,0.4612216651439667,0.8477373123168945,-0.0421406552195549,‚Ì
36,14,0.508430540561676,0.8768022060394287,-0.04622830078005791,‚Ì
36,15,0.4833250343799591,0.8801727890968323,-0.029688093811273575,‚Ì
36,16,0.4594768285751343,0.8725696206092834,-0.01869991607964039,‚Ì
36,17,0.44896483421325684,0.9009895920753479,-0.053012944757938385,‚Ì
36,18,0.4915148913860321,0.9170684814453125,-0.046144019812345505,‚Ì
36,19,0.4710284173488617,0.917149543762207,-0.026548614725470543,‚Ì
36,20,0.4492071568965912,0.9117562770843506,-0.013021462596952915,‚Ì
37,0,0.31977808475494385,0.8501009345054626,-5.639386202460628e-08,‚Ì
37,1,0.37011954188346863,0.7828495502471924,0.008809090591967106,‚Ì
37,2,0.4354355037212372,0.7620063424110413,0.004073810763657093,‚Ì
37,3,0.4811147451400757,0.7857747077941895,-0.0038323216140270233,‚Ì
37,4,0.505172848701477,0.8276475667953491,-0.012105937115848064,‚Ì
37,5,0.46867841482162476,0.7381734251976013,-0.016253244131803513,‚Ì
37,6,0.5443069934844971,0.7302542328834534,-0.024106880649924278,‚Ì
37,7,0.586798906326294,0.7236926555633545,-0.026500768959522247,‚Ì
37,8,0.6200844049453735,0.7149852514266968,-0.029377635568380356,‚Ì
37,9,0.4708508253097534,0.7881607413291931,-0.029839614406228065,‚Ì
37,10,0.5284686088562012,0.8296298980712891,-0.04105309024453163,‚Ì
37,11,0.5003750920295715,0.8394573330879211,-0.03689528629183769,‚Ì
37,12,0.47200658917427063,0.8310733437538147,-0.032149504870176315,‚Ì
37,13,0.4639848470687866,0.8460304737091064,-0.04080110415816307,‚Ì
37,14,0.5095874667167664,0.876372218132019,-0.04409795254468918,‚Ì
37,15,0.484864205121994,0.8805639743804932,-0.028138693422079086,‚Ì
37,16,0.4610009789466858,0.8722636103630066,-0.017691677436232567,‚Ì
37,17,0.45239076018333435,0.8990444540977478,-0.051699597388505936,‚Ì
37,18,0.4933454096317291,0.9160861968994141,-0.04434993863105774,‚Ì
37,19,0.47341641783714294,0.9172559380531311,-0.025051835924386978,‚Ì
37,20,0.45203208923339844,0.9118987321853638,-0.011717456392943859,‚Ì
38,0,0.3214733898639679,0.848161518573761,-5.641684097668076e-08,‚Ì
38,1,0.37217438220977783,0.7818476557731628,0.008355765603482723,‚Ì
38,2,0.43752598762512207,0.762815535068512,0.0030014582443982363,‚Ì
38,3,0.48374709486961365,0.7895092964172363,-0.005377940833568573,‚Ì
38,4,0.5083972811698914,0.8325740098953247,-0.014127598144114017,‚Ì
38,5,0.46941107511520386,0.7374189496040344,-0.017646368592977524,‚Ì
38,6,0.5449409484863281,0.7298288345336914,-0.025839325040578842,‚Ì
38,7,0.5872088670730591,0.7232827544212341,-0.0284652728587389,‚Ì
38,8,0.6203814148902893,0.7144092321395874,-0.031574394553899765,‚Ì
38,9,0.4711499810218811,0.7878438830375671,-0.031280286610126495,‚Ì
38,10,0.529407799243927,0.8286016583442688,-0.04291849210858345,‚Ì
38,11,0.5011690258979797,0.8384832739830017,-0.038990069180727005,‚Ì
38,12,0.47247639298439026,0.8296332359313965,-0.03451545536518097,‚Ì
38,13,0.4640922248363495,0.8459337949752808,-0.042246244847774506,‚Ì
38,14,0.5110913515090942,0.8760594725608826,-0.04571249708533287,‚Ì
38,15,0.48616600036621094,0.8801112771034241,-0.029368598014116287,‚Ì
38,16,0.4619807302951813,0.8713175058364868,-0.018812289461493492,‚Ì
38,17,0.45219820737838745,0.8994179964065552,-0.05323320999741554,‚Ì
38,18,0.4940502643585205,0.9155123829841614,-0.04583854228258133,‚Ì
38,19,0.4735756814479828,0.9162724018096924,-0.026196451857686043,‚Ì
38,20,0.4519581198692322,0.910751223564148,-0.012793617323040962,‚Ì
39,0,0.3214174509048462,0.850914716720581,-5.990207085915245e-08,‚Ì
39,1,0.37060800194740295,0.7838491797447205,0.008243013173341751,‚Ì
39,2,0.4367919862270355,0.7630307078361511,0.0030748164281249046,‚Ì
39,3,0.4848455786705017,0.7878696918487549,-0.004899346735328436,‚Ì
39,4,0.5111569166183472,0.8283821940422058,-0.013165852054953575,‚Ì
39,5,0.46905094385147095,0.7376160621643066,-0.018908293917775154,‚Ì
39,6,0.5453832745552063,0.7304377555847168,-0.027334021404385567,‚Ì
39,7,0.5878691077232361,0.7240226864814758,-0.029693642631173134,‚Ì
39,8,0.6209702491760254,0.7153757214546204,-0.03247089684009552,‚Ì
39,9,0.4702143669128418,0.7879013419151306,-0.03215767443180084,‚Ì
39,10,0.5299839973449707,0.829663097858429,-0.043851371854543686,‚Ì
39,11,0.5013289451599121,0.8393376469612122,-0.03915301337838173,‚Ì
39,12,0.47238001227378845,0.8301685452461243,-0.03409966453909874,‚Ì
39,13,0.4627727270126343,0.8458695411682129,-0.042765531688928604,‚Ì
39,14,0.5115796327590942,0.8778455257415771,-0.04669126868247986,‚Ì
39,15,0.48627710342407227,0.8819171190261841,-0.029965104535222054,‚Ì
39,16,0.462102472782135,0.8729020953178406,-0.019023140892386436,‚Ì
39,17,0.45037415623664856,0.89910888671875,-0.05328986048698425,‚Ì
39,18,0.49426746368408203,0.9177882671356201,-0.046357162296772,‚Ì
39,19,0.47411733865737915,0.9187042713165283,-0.026791101321578026,‚Ì
39,20,0.4524972438812256,0.9123952388763428,-0.01336422748863697,‚Ì
40,0,0.32141315937042236,0.8501758575439453,-5.540679026694306e-08,‚Ì
40,1,0.37125152349472046,0.7841901779174805,0.007445934694260359,‚Ì
40,2,0.4384135603904724,0.7639040350914001,0.0020084085408598185,‚Ì
40,3,0.48707088828086853,0.7871676087379456,-0.0061446018517017365,‚Ì
40,4,0.514572024345398,0.8252495527267456,-0.014472085051238537,‚Ì
40,5,0.4690341353416443,0.737824559211731,-0.01939406245946884,‚Ì
40,6,0.5453552007675171,0.7307986617088318,-0.02839845046401024,‚Ì
40,7,0.5878110527992249,0.7254962921142578,-0.03106408379971981,‚Ì
40,8,0.6209713220596313,0.7180617451667786,-0.033897630870342255,‚Ì
40,9,0.4697777032852173,0.7872413396835327,-0.032449375838041306,‚Ì
40,10,0.5293167233467102,0.8311163783073425,-0.04483302682638168,‚Ì
40,11,0.50118088722229,0.8407735824584961,-0.040509242564439774,‚Ì
40,12,0.4728533923625946,0.8309953808784485,-0.035618748515844345,‚Ì
40,13,0.4622911214828491,0.8447780013084412,-0.04298597574234009,‚Ì
40,14,0.510339081287384,0.8780530691146851,-0.047393716871738434,‚Ì
40,15,0.4850001633167267,0.8822292685508728,-0.03079122118651867,‚Ì
40,16,0.46142467856407166,0.872910737991333,-0.019866321235895157,‚Ì
40,17,0.4498522877693176,0.8979977369308472,-0.0534805990755558,‚Ì
40,18,0.49350932240486145,0.9173396825790405,-0.04680601879954338,‚Ì
40,19,0.47272220253944397,0.918118417263031,-0.027244042605161667,‚Ì
40,20,0.45094168186187744,0.9110544919967651,-0.013821417465806007,‚Ì
41,0,0.32142722606658936,0.8495156168937683,-5.534400315809762e-08,‚Ì
41,1,0.3712999224662781,0.7839608192443848,0.006934326142072678,‚Ì
41,2,0.4389333724975586,0.7642403841018677,0.0012022380251437426,‚Ì
41,3,0.4879878759384155,0.7882390022277832,-0.007033911533653736,‚Ì
41,4,0.5161401033401489,0.825624406337738,-0.015430578961968422,‚Ì
41,5,0.4690593183040619,0.7380177974700928,-0.020294565707445145,‚Ì
41,6,0.5452950596809387,0.7310221195220947,-0.02968709170818329,‚Ì
41,7,0.5874793529510498,0.7265812158584595,-0.03258032351732254,‚Ì
41,8,0.6206591129302979,0.7197037935256958,-0.03553645312786102,‚Ì
41,9,0.46940967440605164,0.7875387668609619,-0.03316735848784447,‚Ì
41,10,0.5289139747619629,0.8315522074699402,-0.045788563787937164,‚Ì
41,11,0.5007284879684448,0.8408487439155579,-0.04155354201793671,‚Ì
41,12,0.47253093123435974,0.8302835822105408,-0.03677341341972351,‚Ì
41,13,0.4612817168235779,0.8452745676040649,-0.04352429509162903,‚Ì
41,14,0.5095259547233582,0.8784193992614746,-0.04847213998436928,‚Ì
41,15,0.48400700092315674,0.8822951912879944,-0.031951360404491425,‚Ì
41,16,0.4606359601020813,0.8725321888923645,-0.021017873659729958,‚Ì
41,17,0.4483359456062317,0.8986436724662781,-0.0538393035531044,‚Ì
41,18,0.4920683801174164,0.917923092842102,-0.04771738499403,‚Ì
41,19,0.4707605242729187,0.918171763420105,-0.028240475803613663,‚Ì
41,20,0.4491339325904846,0.9110561609268188,-0.014854028820991516,‚Ì
42,0,0.3208114504814148,0.850976824760437,-5.239115097310787e-08,‚Ì
42,1,0.37052106857299805,0.7845674753189087,0.006940288934856653,‚Ì
42,2,0.4381633996963501,0.7648172974586487,0.0011135342065244913,‚Ì
42,3,0.4879681468009949,0.7892226576805115,-0.007165350951254368,‚Ì
42,4,0.5167048573493958,0.8262089490890503,-0.015597331337630749,‚Ì
42,5,0.46824130415916443,0.7384400963783264,-0.020684780552983284,‚Ì
42,6,0.5449406504631042,0.7317939400672913,-0.030210668221116066,‚Ì
42,7,0.5874225497245789,0.7272405624389648,-0.03314170986413956,‚Ì
42,8,0.6208159923553467,0.7200649380683899,-0.03611462563276291,‚Ì
42,9,0.46878761053085327,0.7881292104721069,-0.03360230475664139,‚Ì
42,10,0.5290205478668213,0.8321790099143982,-0.04647795110940933,‚Ì
42,11,0.5008689165115356,0.8426225781440735,-0.042269811034202576,‚Ì
42,12,0.47281959652900696,0.832273542881012,-0.03747546672821045,‚Ì
42,13,0.46106117963790894,0.8457034230232239,-0.04396563023328781,‚Ì
42,14,0.5093514919281006,0.8793302774429321,-0.049032147973775864,‚Ì
42,15,0.48375946283340454,0.8838618397712708,-0.03234614059329033,‚Ì
42,16,0.460527628660202,0.8743377923965454,-0.021239588037133217,‚Ì
42,17,0.4484473764896393,0.8991163969039917,-0.05426614731550217,‚Ì
42,18,0.4919852614402771,0.9182448387145996,-0.04815283417701721,‚Ì
42,19,0.47052955627441406,0.9188337326049805,-0.028577659279108047,‚Ì
42,20,0.4490323066711426,0.9119620323181152,-0.015063460916280746,‚Ì
43,0,0.3199669420719147,0.8514545559883118,-5.249693657560783e-08,‚Ì
43,1,0.3699342906475067,0.7850263714790344,0.006844166666269302,‚Ì
43,2,0.43819230794906616,0.7653634548187256,0.0010744816390797496,‚Ì
43,3,0.48816967010498047,0.7900923490524292,-0.0071483515202999115,‚Ì
43,4,0.517254114151001,0.8271020650863647,-0.015481976792216301,‚Ì
43,5,0.46744272112846375,0.7383411526679993,-0.0204328503459692,‚Ì
43,6,0.544226348400116,0.7316277027130127,-0.029873082414269447,‚Ì
43,7,0.5866025686264038,0.7272651195526123,-0.0327051505446434,‚Ì
43,8,0.619967520236969,0.7204722762107849,-0.03562112897634506,‚Ì
43,9,0.46772924065589905,0.7881163954734802,-0.03333450108766556,‚Ì
43,10,0.5287731289863586,0.8324251174926758,-0.04632005840539932,‚Ì
43,11,0.500478982925415,0.8425419330596924,-0.04218733310699463,‚Ì
43,12,0.4722111225128174,0.832389771938324,-0.03736232966184616,‚Ì
43,13,0.45992064476013184,0.8459584712982178,-0.04371875151991844,‚Ì
43,14,0.5087953209877014,0.8797758221626282,-0.04879549518227577,‚Ì
43,15,0.48342302441596985,0.8843593597412109,-0.032096777111291885,‚Ì
43,16,0.4602011740207672,0.8747279047966003,-0.020946819335222244,‚Ì
43,17,0.447417289018631,0.8993818163871765,-0.05412398278713226,‚Ì
43,18,0.4919869005680084,0.919051468372345,-0.04791440814733505,‚Ì
43,19,0.4708744287490845,0.9196068644523621,-0.028299709782004356,‚Ì
43,20,0.44943949580192566,0.9127938151359558,-0.014758225530385971,‚Ì
44,0,0.3184959888458252,0.850480854511261,-5.096267940984944e-08,‚Ì
44,1,0.3688259422779083,0.784381091594696,0.007126149255782366,‚Ì
44,2,0.43746060132980347,0.7658399939537048,0.0013482968788594007,‚Ì
44,3,0.487581342458725,0.7911774516105652,-0.006973858457058668,‚Ì
44,4,0.516683042049408,0.8283663392066956,-0.015418109484016895,‚Ì
44,5,0.4667068123817444,0.7381214499473572,-0.020144369453191757,‚Ì
44,6,0.5432270169258118,0.7320511341094971,-0.029344821348786354,‚Ì
44,7,0.5854107737541199,0.7280229330062866,-0.03201253339648247,‚Ì
44,8,0.6187831163406372,0.7213115692138672,-0.03482728451490402,‚Ì
44,9,0.4667466878890991,0.7877264022827148,-0.03325186297297478,‚Ì
44,10,0.5277747511863708,0.8323455452919006,-0.04587622731924057,‚Ì
44,11,0.5000154972076416,0.8425219655036926,-0.041591085493564606,‚Ì
44,12,0.47194889187812805,0.832339882850647,-0.03675979748368263,‚Ì
44,13,0.45860782265663147,0.8456597328186035,-0.043817680329084396,‚Ì
44,14,0.5074318647384644,0.8798131346702576,-0.048438910394907,‚Ì
44,15,0.4822913110256195,0.8843765258789062,-0.031718455255031586,‚Ì
44,16,0.45936599373817444,0.8744747042655945,-0.020680010318756104,‚Ì
44,17,0.44584786891937256,0.8989588022232056,-0.054404500871896744,‚Ì
44,18,0.4909292757511139,0.9190860986709595,-0.04768270626664162,‚Ì
44,19,0.47025591135025024,0.9198903441429138,-0.028000464662909508,‚Ì
44,20,0.44908446073532104,0.9126338362693787,-0.014535874128341675,‚Ì
45,0,0.31842508912086487,0.8506596684455872,-4.905280803768619e-08,‚Ì
45,1,0.36872440576553345,0.783780574798584,0.007464255206286907,‚Ì
45,2,0.4368869960308075,0.7650713324546814,0.0016506981337442994,‚Ì
45,3,0.48703423142433167,0.7904551029205322,-0.0067025963217020035,‚Ì
45,4,0.5163300633430481,0.8278716802597046,-0.015233173035085201,‚Ì
45,5,0.46621450781822205,0.7380664944648743,-0.020391440019011497,‚Ì
45,6,0.5429896116256714,0.7321200370788574,-0.02952083945274353,‚Ì
45,7,0.5852605700492859,0.7282864451408386,-0.03206320479512215,‚Ì
45,8,0.6184931993484497,0.7216312289237976,-0.03477365896105766,‚Ì
45,9,0.46623578667640686,0.7876314520835876,-0.03357601538300514,‚Ì
45,10,0.5276212096214294,0.8321995139122009,-0.046182781457901,‚Ì
45,11,0.49961620569229126,0.8419432044029236,-0.04179142415523529,‚Ì
45,12,0.4712356925010681,0.8313747644424438,-0.03683276101946831,‚Ì
45,13,0.45817986130714417,0.8454304933547974,-0.04416569322347641,‚Ì
45,14,0.5069239735603333,0.8792831897735596,-0.048578061163425446,‚Ì
45,15,0.4814750552177429,0.8830838799476624,-0.03174803778529167,‚Ì
45,16,0.45818790793418884,0.8732184767723083,-0.02069610357284546,‚Ì
45,17,0.44563522934913635,0.8990833163261414,-0.054671335965394974,‚Ì
45,18,0.4893219470977783,0.9185101985931396,-0.047737617045640945,‚Ì
45,19,0.46796736121177673,0.9187340140342712,-0.027881959453225136,‚Ì
45,20,0.446426659822464,0.9115238785743713,-0.014382217079401016,‚Ì
46,0,0.31767529249191284,0.8503464460372925,-4.967440148107016e-08,‚Ì
46,1,0.3677888810634613,0.7843087911605835,0.007125260774046183,‚Ì
46,2,0.4360947012901306,0.7662621736526489,0.0012004513991996646,‚Ì
46,3,0.48651283979415894,0.791948139667511,-0.0072617800906300545,‚Ì
46,4,0.5162837505340576,0.8292741179466248,-0.01585724949836731,‚Ì
46,5,0.465084433555603,0.7379849553108215,-0.020246870815753937,‚Ì
46,6,0.54185950756073,0.7319867610931396,-0.029635204002261162,‚Ì
46,7,0.5841877460479736,0.7283727526664734,-0.03234458714723587,‚Ì
46,8,0.6174364686012268,0.7217937707901001,-0.03515898436307907,‚Ì
46,9,0.4651874601840973,0.7875301241874695,-0.033415742218494415,‚Ì
46,10,0.5263654589653015,0.8320078253746033,-0.046332571655511856,‚Ì
46,11,0.4986768364906311,0.8424601554870605,-0.04227899760007858,‚Ì
46,12,0.4705869257450104,0.8320428729057312,-0.03753232583403587,‚Ì
46,13,0.45739856362342834,0.8454472422599792,-0.04402224346995354,‚Ì
46,14,0.5054095983505249,0.8794654011726379,-0.04885292798280716,‚Ì
46,15,0.4798009991645813,0.883788526058197,-0.032155562192201614,‚Ì
46,16,0.45689156651496887,0.8738344311714172,-0.02113949880003929,‚Ì
46,17,0.44494739174842834,0.8991155624389648,-0.054649751633405685,‚Ì
46,18,0.48813578486442566,0.9186211228370667,-0.04805481806397438,‚Ì
46,19,0.4664857089519501,0.9194104671478271,-0.02837502583861351,‚Ì
46,20,0.445117712020874,0.9118170738220215,-0.01495412178337574,‚Ì
47,0,0.316689670085907,0.850220799446106,-4.3510201663821135e-08,‚Ì
47,1,0.3672218918800354,0.7839565277099609,0.007118227891623974,‚Ì
47,2,0.43525078892707825,0.7658838033676147,0.0011249998351559043,‚Ì
47,3,0.4851372241973877,0.7921251058578491,-0.007453696336597204,‚Ì
47,4,0.5143182873725891,0.8301923871040344,-0.01615491695702076,‚Ì
47,5,0.4645809233188629,0.7380862236022949,-0.019866041839122772,‚Ì
47,6,0.5410985946655273,0.7322193384170532,-0.02920675091445446,‚Ì
47,7,0.5834197998046875,0.7286220788955688,-0.03201629966497421,‚Ì
47,8,0.6167585849761963,0.7223984599113464,-0.03493068739771843,‚Ì
47,9,0.46453115344047546,0.7875995635986328,-0.03308560699224472,‚Ì
47,10,0.5254537463188171,0.8321078419685364,-0.04600115492939949,‚Ì
47,11,0.4981038272380829,0.8425816893577576,-0.04205939918756485,‚Ì
47,12,0.4702756404876709,0.8324456810951233,-0.03736283257603645,‚Ì
47,13,0.4567270278930664,0.8454099893569946,-0.0437786728143692,‚Ì
47,14,0.5045984387397766,0.8792411088943481,-0.04855910688638687,‚Ì
47,15,0.4791598916053772,0.8834807276725769,-0.031911466270685196,‚Ì
47,16,0.45642292499542236,0.8734701871871948,-0.020956315100193024,‚Ì
47,17,0.44423067569732666,0.8988041281700134,-0.05451367422938347,‚Ì
47,18,0.4869987368583679,0.9180794954299927,-0.0478462353348732,‚Ì
47,19,0.4654334783554077,0.9184534549713135,-0.028221311047673225,‚Ì
47,20,0.444234162569046,0.9108009338378906,-0.01482352614402771,‚Ì
48,0,0.31570231914520264,0.8500868678092957,-4.352958171693899e-08,‚Ì
48,1,0.36611688137054443,0.7841740250587463,0.006749071646481752,‚Ì
48,2,0.43463826179504395,0.7651121616363525,0.0005892983754165471,‚Ì
48,3,0.4847017228603363,0.790453314781189,-0.008107276633381844,‚Ì
48,4,0.5140683054924011,0.8283199667930603,-0.01690676622092724,‚Ì
48,5,0.46391671895980835,0.7381523847579956,-0.02029441110789776,‚Ì
48,6,0.5403953790664673,0.7320979833602905,-0.02995392307639122,‚Ì
48,7,0.5829317569732666,0.7285060286521912,-0.0328696072101593,‚Ì
48,8,0.6163167953491211,0.722150444984436,-0.035806264728307724,‚Ì
48,9,0.4636901617050171,0.7871749401092529,-0.03341498225927353,‚Ì
48,10,0.524787962436676,0.8326824307441711,-0.04677678644657135,‚Ì
48,11,0.4968212842941284,0.8429757952690125,-0.04279131814837456,‚Ì
48,12,0.4688328802585602,0.8320946097373962,-0.037966806441545486,‚Ì
48,13,0.45573610067367554,0.8446532487869263,-0.044091835618019104,‚Ì
48,14,0.5037094354629517,0.8791102170944214,-0.04937782138586044,‚Ì
48,15,0.47799837589263916,0.8834059834480286,-0.03276472166180611,‚Ì
48,16,0.4550548791885376,0.8730557560920715,-0.021626396104693413,‚Ì
48,17,0.4430045783519745,0.8979277610778809,-0.05478966608643532,‚Ì
48,18,0.48618534207344055,0.9178766012191772,-0.04862268269062042,‚Ì
48,19,0.4643537104129791,0.9183128476142883,-0.029030971229076385,‚Ì
48,20,0.44289740920066833,0.9107198715209961,-0.015553805977106094,‚Ì
49,0,0.3137533962726593,0.8506631255149841,-4.646499363047951e-08,‚Ì
49,1,0.36418402194976807,0.7846134901046753,0.0065680299885571,‚Ì
49,2,0.43286195397377014,0.7652244567871094,0.0004150958266109228,‚Ì
49,3,0.4830411970615387,0.7907078862190247,-0.008279602974653244,‚Ì
49,4,0.5120824575424194,0.8287451267242432,-0.01708422787487507,‚Ì
49,5,0.46228545904159546,0.738145112991333,-0.020265864208340645,‚Ì
49,6,0.5390187501907349,0.7321116924285889,-0.03005228191614151,‚Ì
49,7,0.581602931022644,0.7284656763076782,-0.03303440660238266,‚Ì
49,8,0.6152155995368958,0.7219834327697754,-0.03601653501391411,‚Ì
49,9,0.4623875916004181,0.7872900366783142,-0.03332842141389847,‚Ì
49,10,0.5236437320709229,0.8318175673484802,-0.04691599681973457,‚Ì
49,11,0.4955225884914398,0.8422092199325562,-0.04298883303999901,‚Ì
49,12,0.4674457907676697,0.8317435383796692,-0.03805362433195114,‚Ì
49,13,0.4545903205871582,0.8447920680046082,-0.04397587478160858,‚Ì
49,14,0.5025628209114075,0.8788913488388062,-0.049478109925985336,‚Ì
49,15,0.4766959547996521,0.8832757472991943,-0.03290840610861778,‚Ì
49,16,0.45384687185287476,0.8728867769241333,-0.021651923656463623,‚Ì
49,17,0.4420071542263031,0.8980909585952759,-0.05468633025884628,‚Ì
49,18,0.4856368899345398,0.917852520942688,-0.04855406656861305,‚Ì
49,19,0.46369966864585876,0.9179728031158447,-0.0290022362023592,‚Ì
49,20,0.44208475947380066,0.9104493856430054,-0.015435658395290375,‚Ì
50,0,0.31305980682373047,0.8505969643592834,-4.2741937988921563e-08,‚Ì
50,1,0.3638381063938141,0.7841765880584717,0.007050226908177137,‚Ì
50,2,0.4325205683708191,0.7650820016860962,0.000852977333124727,‚Ì
50,3,0.483041375875473,0.7901148200035095,-0.007929529994726181,‚Ì
50,4,0.5125024914741516,0.8277145028114319,-0.01682787574827671,‚Ì
50,5,0.46153977513313293,0.7377002835273743,-0.02052411064505577,‚Ì
50,6,0.5386092066764832,0.7320518493652344,-0.03020172007381916,‚Ì
50,7,0.5811599493026733,0.7285853028297424,-0.032939668744802475,‚Ì
50,8,0.6147111654281616,0.7222874760627747,-0.03567762300372124,‚Ì
50,9,0.46126410365104675,0.7864075303077698,-0.03380317986011505,‚Ì
50,10,0.5233526825904846,0.8324093222618103,-0.04705065116286278,‚Ì
50,11,0.4952399730682373,0.8432148694992065,-0.042712051421403885,‚Ì
50,12,0.467033714056015,0.8325886726379395,-0.03757312893867493,‚Ì
50,13,0.4534110724925995,0.8437429666519165,-0.04452331364154816,‚Ì
50,14,0.5018717646598816,0.8792420625686646,-0.0495779924094677,‚Ì
50,15,0.4759342670440674,0.8836767673492432,-0.03268693387508392,‚Ì
50,16,0.4529707729816437,0.8731198906898499,-0.021366557106375694,‚Ì
50,17,0.4407550096511841,0.8968702554702759,-0.055306632071733475,‚Ì
50,18,0.4848160445690155,0.9172570109367371,-0.048693422228097916,‚Ì
50,19,0.46297723054885864,0.9180956482887268,-0.02883274108171463,‚Ì
50,20,0.4415513575077057,0.9104747176170349,-0.015206164680421352,‚Ì
51,0,0.31188905239105225,0.8509142994880676,-4.087118909978926e-08,‚Ì
51,1,0.3628285229206085,0.7841807007789612,0.007339606061577797,‚Ì
51,2,0.43158817291259766,0.764848530292511,0.0010420185280963778,‚Ì
51,3,0.48191308975219727,0.7899700999259949,-0.007967058569192886,‚Ì
51,4,0.5111413598060608,0.8281911015510559,-0.017146838828921318,‚Ì
51,5,0.46069082617759705,0.7372123599052429,-0.020616278052330017,‚Ì
51,6,0.5379322171211243,0.7314698696136475,-0.030412966385483742,‚Ì
51,7,0.5804205536842346,0.7281864285469055,-0.033260226249694824,‚Ì
51,8,0.6138468980789185,0.7219462394714355,-0.03606530651450157,‚Ì
51,9,0.46026918292045593,0.7859268188476562,-0.0341249480843544,‚Ì
51,10,0.5229218602180481,0.832450270652771,-0.047496531158685684,‚Ì
51,11,0.49484458565711975,0.8435990214347839,-0.04317291080951691,‚Ì
51,12,0.46674102544784546,0.8326629400253296,-0.038026753813028336,‚Ì
51,13,0.45237430930137634,0.8430977463722229,-0.045092176645994186,‚Ì
51,14,0.5016453266143799,0.8792420625686646,-0.05028052255511284,‚Ì
51,15,0.47542813420295715,0.8839365243911743,-0.03334459289908409,‚Ì
51,16,0.4524053931236267,0.8729236721992493,-0.021934455260634422,‚Ì
51,17,0.43965646624565125,0.896081268787384,-0.05601722374558449,‚Ì
51,18,0.4846847951412201,0.9174051880836487,-0.04947906732559204,‚Ì
51,19,0.4629935026168823,0.9179145097732544,-0.029506059363484383,‚Ì
51,20,0.4413033425807953,0.9101137518882751,-0.015775933861732483,‚Ì
